zhangjiaojiao@ubuntu:~$ sudo mysql -u root -p
[sudo] password for zhangjiaojiao: 
Enter password: 
Welcome to the MySQL monitor.  Commands end with ; or \g.
Your MySQL connection id is 2
Server version: 5.7.24-0ubuntu0.18.04.1 (Ubuntu)

Copyright (c) 2000, 2018, Oracle and/or its affiliates. All rights reserved.

Oracle is a registered trademark of Oracle Corporation and/or its
affiliates. Other names may be trademarks of their respective
owners.

Type 'help;' or '\h' for help. Type '\c' to clear the current input statement.

mysql> use hello_mysql;
Reading table information for completion of table and column names
You can turn off this feature to get a quicker startup with -A

Database changed
mysql> create table film(
    -> id int auto_increment primary key,
    -> name varchar(30),
    -> year int(20),
    -> director varchar(20),
    -> score float(20));
Query OK, 0 rows affected (0.07 sec)

mysql> insert into film(name,year,director,score)
    -> values("bsnlch",2018,"gjm","8.9"),
    -> ("wbsys",2018,"xz","7.9"),
    -> ("xhssf",2018,"st","7.7"),("bsnlch",2018,"gjm","8.9"), ("wbsys",2018,"xz","7.9"), ("xhssf",2018,"st","7.7"),("bsnlch",2018,"gjm","8.9"), ("wbsys",2018,"xz","7.9"), ("xhssf",2018,"st","7.7"),("jyzhp",2016,"st","8.8"),("bsnlch",2018,"gjm","8.9"), ("wbsys",2018,"xz","7.9"), ("xhssf",2018,"st","7.7"),("jyzhp",2016,"st","8.8");
Query OK, 3 rows affected (0.05 sec)
Records: 3  Duplicates: 0  Warnings: 0
mysql> select * from film;
+----+--------+------+----------+-------+
| id | name   | year | director | score |
+----+--------+------+----------+-------+
|  1 | bsnlch | 2018 | gjm      |   8.9 |
|  2 | wbsys  | 2018 | xz       |   7.9 |
|  3 | xhssf  | 2018 | st       |   7.7 |
|  4 | bsnlch | 2018 | gjm      |   8.9 |
|  5 | wbsys  | 2018 | xz       |   7.9 |
|  6 | xhssf  | 2018 | st       |   7.7 |
|  7 | bsnlch | 2018 | gjm      |   8.9 |
|  8 | wbsys  | 2018 | xz       |   7.9 |
|  9 | xhssf  | 2018 | st       |   7.7 |
| 10 | jyzhp  | 2016 | st       |   8.8 |
| 11 | bsnlch | 2018 | gjm      |   8.9 |
| 12 | wbsys  | 2018 | xz       |   7.9 |
| 13 | xhssf  | 2018 | st       |   7.7 |
| 14 | jyzhp  | 2016 | st       |   8.8 |
+----+--------+------+----------+-------+
14 rows in set (0.00 sec)

mysql> select * from film where name like "%xhssf%";                            +----+-------+------+----------+-------+
| id | name  | year | director | score |
+----+-------+------+----------+-------+
|  3 | xhssf | 2018 | st       |   7.7 |
|  6 | xhssf | 2018 | st       |   7.7 |
|  9 | xhssf | 2018 | st       |   7.7 |
| 13 | xhssf | 2018 | st       |   7.7 |
+----+-------+------+----------+-------+
4 rows in set (0.00 sec)

mysql> select * from film where director like "%xz%";                           +----+-------+------+----------+-------+
| id | name  | year | director | score |
+----+-------+------+----------+-------+
|  2 | wbsys | 2018 | xz       |   7.9 |
|  5 | wbsys | 2018 | xz       |   7.9 |
|  8 | wbsys | 2018 | xz       |   7.9 |
| 12 | wbsys | 2018 | xz       |   7.9 |
+----+-------+------+----------+-------+
4 rows in set (0.01 sec)

mysql> select * from film where year=2016;
+----+-------+------+----------+-------+
| id | name  | year | director | score |
+----+-------+------+----------+-------+
| 10 | jyzhp | 2016 | st       |   8.8 |
| 14 | jyzhp | 2016 | st       |   8.8 |
+----+-------+------+----------+-------+
2 rows in set (0.00 sec)

mysql> select max(score) from film;
+-------------------+
| max(score)        |
+-------------------+
| 8.899999618530273 |
+-------------------+
1 row in set (0.00 sec)


