zhangjiaojiao@ubuntu:~$ sudo mysql -u root -p
[sudo] password for zhangjiaojiao: 
Enter password: 
Welcome to the MySQL monitor.  Commands end with ; or \g.
Your MySQL connection id is 3
Server version: 5.7.24-0ubuntu0.18.04.1 (Ubuntu)

Copyright (c) 2000, 2018, Oracle and/or its affiliates. All rights reserved.

Oracle is a registered trademark of Oracle Corporation and/or its
affiliates. Other names may be trademarks of their respective
owners.

Type 'help;' or '\h' for help. Type '\c' to clear the current input statement.

mysql> use hello_mysql;
Reading table information for completion of table and column names
You can turn off this feature to get a quicker startup with -A

Database changed
mysql> select * from emp;
+-------+--------+-----------+------+------------+------+---------+--------+
| EMPNO | ENAME  | JOB       | MGR  | HIREDATE   | SAL  | COMM    | DEPTNO |
+-------+--------+-----------+------+------------+------+---------+--------+
|  7369 | SMITH  | CLERK     | 7902 | 1980/12/17 |  800 |         | 20     |
|  7499 | ALLEN  | SALESMAN  | 7698 | 1981/2/20  | 1600 | 300.00  | 30     |
|  7521 | WARD   | SALESMAN  | 7698 | 1981/2/22  | 1250 | 500.00  | 30     |
|  7566 | JONES  | MANAGER   | 7839 | 1981/4/2   | 2975 |         | 20     |
|  7654 | MARTIN | SALESMAN  | 7698 | 1981/9/28  | 1250 | 1400.00 | 30     |
|  7698 | BLAKE  | MANAGER   | 7839 | 1981/5/1   | 2850 |         | 30     |
|  7782 | CLARK  | MANAGER   | 7839 | 1981/6/9   | 2450 |         | 10     |
|  7788 | SCOTT  | ANALYST   | 7566 | 1987/4/19  | 3000 |         | 20     |
|  7839 | KING   | PRESIDENT |      | 1981/11/17 | 5000 |         | 10     |
|  7844 | TURNER | SALESMAN  | 7698 | 1981/9/8   | 1500 | 0.00    | 30     |
|  7876 | ADAMS  | CLERK     | 7788 | 1987/5/23  | 1100 |         | 20     |
|  7900 | JAMES  | CLERK     | 7698 | 1981/12/3  |  950 |         | 30     |
|  7902 | FORD   | ANALYST   | 7566 | 1981/12/3  | 3000 |         | 20     |
|  7934 | MILLER | CLERK     | 7782 | 1982/1/23  | 1300 |         | 0      |
+-------+--------+-----------+------+------------+------+---------+--------+
14 rows in set (0.02 sec)

mysql> select * from dept;
+--------+------------+----------+
| DEPTNO | DNAME      | LOC      |
+--------+------------+----------+
|     10 | ACCOUNTING | NEW YORK |
|     20 | RESEARCH   | DALLAS   |
|     30 | SALES      | CHICAGO  |
|     40 | OPERATIONS | BOSTON   |
+--------+------------+----------+
4 rows in set (0.01 sec)

mysql> select emp.deptno,dept.deptno from emp,dept where emp.deptno=dept.deptno; 
+--------+--------+
| deptno | deptno |
+--------+--------+
| 20     |     20 |
| 30     |     30 |
| 30     |     30 |
| 20     |     20 |
| 30     |     30 |
| 30     |     30 |
| 10     |     10 |
| 20     |     20 |
| 10     |     10 |
| 30     |     30 |
| 20     |     20 |
| 30     |     30 |
| 20     |     20 |
+--------+--------+
13 rows in set (0.01 sec)









FEIZIJI?~~~~~~~~
mysql> select max(empno),emp.deptno from emp,dept where emp.deptno=dept.deptno group by deptno;
+------------+--------+
| max(empno) | deptno |
+------------+--------+
|       7839 | 10     |
|       7902 | 20     |
|       7900 | 30     |
+------------+--------+
3 rows in set (0.01 sec)

mysql> select * from emp,dept where emp.empno in(select max(empno) from emp group by deptno having count(deptno)>1) and emp.deptno=dept.deptno;
+-------+-------+-----------+------+------------+------+------+--------+--------+------------+----------+
| EMPNO | ENAME | JOB       | MGR  | HIREDATE   | SAL  | COMM | DEPTNO | DEPTNO | DNAME      | LOC      |
+-------+-------+-----------+------+------------+------+------+--------+--------+------------+----------+
|  7839 | KING  | PRESIDENT |      | 1981/11/17 | 5000 |      | 10     |     10 | ACCOUNTING | NEW YORK |
|  7900 | JAMES | CLERK     | 7698 | 1981/12/3  |  950 |      | 30     |     30 | SALES      | CHICAGO  |
|  7902 | FORD  | ANALYST   | 7566 | 1981/12/3  | 3000 |      | 20     |     20 | RESEARCH   | DALLAS   |
+-------+-------+-----------+------+------------+------+------+--------+--------+------------+----------+
3 rows in set (0.02 sec)

